{"cameraMode":{"drawMode":0,"name":"Shaded","section":"Shading Mode"},"sceneLighting":false,"audioPlay":false,"sceneViewState":{"m_AlwaysRefresh":false,"showFog":true,"showSkybox":false,"showFlares":true,"showImageEffects":true,"showParticleSystems":true,"showVisualEffectGraphs":true,"m_FxEnabled":true},"in2DMode":false,"pivot":{"x":0.5173969268798828,"y":0.447538286447525,"z":0.7124267816543579},"rotation":{"x":0.047916945070028308,"y":0.4397321045398712,"z":-0.02350497990846634,"w":0.8965393900871277},"size":1.4721373319625855,"orthographic":false}