{"cameraMode":{"drawMode":0,"name":"Shaded","section":"Shading Mode"},"sceneLighting":true,"audioPlay":false,"sceneViewState":{"m_AlwaysRefresh":false,"showFog":true,"showSkybox":true,"showFlares":true,"showImageEffects":true,"showParticleSystems":true,"showVisualEffectGraphs":true,"m_FxEnabled":true},"in2DMode":false,"pivot":{"x":-0.32101964950561526,"y":2.773003578186035,"z":4.587120532989502},"rotation":{"x":0.25533246994018557,"y":0.23493540287017823,"z":-0.0641103982925415,"w":0.9356793165206909},"size":4.730216979980469,"orthographic":false}