{"cameraMode":{"drawMode":0,"name":"Shaded","section":"Shading Mode"},"sceneLighting":true,"audioPlay":false,"sceneViewState":{"m_AlwaysRefresh":false,"showFog":true,"showSkybox":true,"showFlares":true,"showImageEffects":true,"showParticleSystems":true,"showVisualEffectGraphs":true,"m_FxEnabled":true},"in2DMode":false,"pivot":{"x":-0.7366493344306946,"y":1.756274938583374,"z":10.7664794921875},"rotation":{"x":0.020503798499703409,"y":0.9791361689567566,"z":-0.1285041868686676,"w":0.15608477592468263},"size":1.3931891918182374,"orthographic":false}