{"cameraMode":{"drawMode":0,"name":"Shaded","section":"Shading Mode"},"sceneLighting":true,"audioPlay":false,"sceneViewState":{"m_AlwaysRefresh":false,"showFog":true,"showSkybox":true,"showFlares":true,"showImageEffects":true,"showParticleSystems":true,"showVisualEffectGraphs":true,"m_FxEnabled":true},"in2DMode":false,"pivot":{"x":-0.08143883943557739,"y":0.8578053712844849,"z":5.007046699523926},"rotation":{"x":-0.023499881848692895,"y":-0.9761351943016052,"z":0.13855381309986115,"w":-0.16554243862628938},"size":0.7545185089111328,"orthographic":false}