{"cameraMode":{"drawMode":0,"name":"Shaded","section":"Shading Mode"},"sceneLighting":true,"audioPlay":false,"sceneViewState":{"m_AlwaysRefresh":false,"showFog":true,"showSkybox":true,"showFlares":true,"showImageEffects":true,"showParticleSystems":true,"showVisualEffectGraphs":true,"m_FxEnabled":true},"in2DMode":false,"pivot":{"x":-4.037121295928955,"y":2.584141731262207,"z":7.877535343170166},"rotation":{"x":0.020301759243011476,"y":0.2553774416446686,"z":-0.00536354212090373,"w":0.9666136503219605},"size":2.5255846977233888,"orthographic":false}