{"cameraMode":{"drawMode":0,"name":"Shaded","section":"Shading Mode"},"sceneLighting":true,"audioPlay":false,"sceneViewState":{"m_AlwaysRefresh":false,"showFog":true,"showSkybox":true,"showFlares":true,"showImageEffects":true,"showParticleSystems":true,"showVisualEffectGraphs":true,"m_FxEnabled":true},"in2DMode":false,"pivot":{"x":-0.34151604771614077,"y":0.19739751517772675,"z":4.706472396850586},"rotation":{"x":-0.11363857984542847,"y":-0.46479183435440066,"z":0.060290902853012088,"w":-0.8760210275650024},"size":0.4649333655834198,"orthographic":false}