{"cameraMode":{"drawMode":0,"name":"Shaded","section":"Shading Mode"},"sceneLighting":true,"audioPlay":false,"sceneViewState":{"m_AlwaysRefresh":false,"showFog":true,"showSkybox":true,"showFlares":true,"showImageEffects":true,"showParticleSystems":true,"showVisualEffectGraphs":true,"m_FxEnabled":true},"in2DMode":false,"pivot":{"x":56.11053466796875,"y":0.30295032262802126,"z":39.56438064575195},"rotation":{"x":-0.0011244965717196465,"y":0.6501067280769348,"z":0.0009933249093592167,"w":0.7598606944084168},"size":29.138988494873048,"orthographic":false}