{"cameraMode":{"drawMode":0,"name":"Shaded","section":"Shading Mode"},"sceneLighting":true,"audioPlay":false,"sceneViewState":{"m_AlwaysRefresh":false,"showFog":true,"showSkybox":false,"showFlares":true,"showImageEffects":true,"showParticleSystems":true,"showVisualEffectGraphs":true,"m_FxEnabled":true},"in2DMode":false,"pivot":{"x":-2.6545627117156984,"y":8.106821060180664,"z":15.901749610900879},"rotation":{"x":0.00897686742246151,"y":0.07281152158975601,"z":0.0006346426089294255,"w":-0.9973176121711731},"size":12.072134971618653,"orthographic":false}