{"cameraMode":{"drawMode":0,"name":"Shaded","section":"Shading Mode"},"sceneLighting":true,"audioPlay":false,"sceneViewState":{"m_AlwaysRefresh":false,"showFog":true,"showSkybox":false,"showFlares":true,"showImageEffects":true,"showParticleSystems":true,"showVisualEffectGraphs":true,"m_FxEnabled":true},"in2DMode":false,"pivot":{"x":2.620076894760132,"y":0.18850171566009522,"z":-2.5320827960968019},"rotation":{"x":-0.00002461176336510107,"y":-0.9998193979263306,"z":0.019499942660331727,"w":0.00001090597561415052},"size":13.860342025756836,"orthographic":false}