{"cameraMode":{"drawMode":0,"name":"Shaded","section":"Shading Mode"},"sceneLighting":true,"audioPlay":false,"sceneViewState":{"m_AlwaysRefresh":false,"showFog":true,"showSkybox":false,"showFlares":true,"showImageEffects":true,"showParticleSystems":true,"showVisualEffectGraphs":true,"m_FxEnabled":true},"in2DMode":false,"pivot":{"x":0.4402942657470703,"y":0.5793729424476624,"z":12.142078399658204},"rotation":{"x":0.00819280743598938,"y":0.9895300269126892,"z":-0.12987175583839417,"w":0.062423065304756168},"size":8.717397689819336,"orthographic":false}