{"cameraMode":{"drawMode":0,"name":"Shaded","section":"Shading Mode"},"sceneLighting":false,"audioPlay":false,"sceneViewState":{"m_AlwaysRefresh":false,"showFog":true,"showSkybox":false,"showFlares":true,"showImageEffects":true,"showParticleSystems":true,"showVisualEffectGraphs":true,"m_FxEnabled":true},"in2DMode":false,"pivot":{"x":0.6292917728424072,"y":0.479490727186203,"z":-0.31093499064445498},"rotation":{"x":-0.059725940227508548,"y":-0.9032401442527771,"z":0.1337398886680603,"w":-0.40335211157798769},"size":1.9016239643096924,"orthographic":false}