{"cameraMode":{"drawMode":0,"name":"Shaded","section":"Shading Mode"},"sceneLighting":false,"audioPlay":false,"sceneViewState":{"m_AlwaysRefresh":false,"showFog":true,"showSkybox":false,"showFlares":true,"showImageEffects":true,"showParticleSystems":true,"showVisualEffectGraphs":true,"m_FxEnabled":true},"in2DMode":false,"pivot":{"x":-0.41096043586730959,"y":1.6352654695510865,"z":0.6736958026885986},"rotation":{"x":-0.07519393414258957,"y":0.17820517718791963,"z":-0.013661484234035015,"w":-0.981017529964447},"size":1.9016239643096924,"orthographic":false}