{"cameraMode":{"drawMode":0,"name":"Shaded","section":"Shading Mode"},"sceneLighting":false,"audioPlay":false,"sceneViewState":{"m_AlwaysRefresh":false,"showFog":true,"showSkybox":false,"showFlares":true,"showImageEffects":true,"showParticleSystems":true,"showVisualEffectGraphs":true,"m_FxEnabled":true},"in2DMode":false,"pivot":{"x":1.4437676668167115,"y":1.2589268684387208,"z":0.32057154178619387},"rotation":{"x":-0.08131127804517746,"y":-0.6274964809417725,"z":0.0661281943321228,"w":-0.7715303897857666},"size":1.9016239643096924,"orthographic":false}