{"cameraMode":{"drawMode":3,"name":"Shadow Cascades","section":"Miscellaneous"},"sceneLighting":true,"audioPlay":false,"sceneViewState":{"m_AlwaysRefresh":false,"showFog":true,"showSkybox":false,"showFlares":true,"showImageEffects":true,"showParticleSystems":true,"showVisualEffectGraphs":true,"m_FxEnabled":true},"in2DMode":false,"pivot":{"x":-11.819064140319825,"y":3.177717447280884,"z":52.5362663269043},"rotation":{"x":0.0008896216168068349,"y":-0.11673367023468018,"z":0.00010708677291404456,"w":0.9931601285934448},"size":31.720170974731447,"orthographic":false}