{"cameraMode":{"drawMode":3,"name":"Shadow Cascades","section":"Miscellaneous"},"sceneLighting":true,"audioPlay":false,"sceneViewState":{"m_AlwaysRefresh":false,"showFog":true,"showSkybox":false,"showFlares":true,"showImageEffects":true,"showParticleSystems":true,"showVisualEffectGraphs":true,"m_FxEnabled":true},"in2DMode":false,"pivot":{"x":1.4284653663635255,"y":-7.253094673156738,"z":23.226974487304689},"rotation":{"x":0.2791120409965515,"y":0.012963350862264634,"z":-0.0037659090012311937,"w":0.9601620435714722},"size":16.591026306152345,"orthographic":false}