{"cameraMode":{"drawMode":0,"name":"Shaded","section":"Shading Mode"},"sceneLighting":false,"audioPlay":false,"sceneViewState":{"m_AlwaysRefresh":false,"showFog":true,"showSkybox":false,"showFlares":true,"showImageEffects":true,"showParticleSystems":true,"showVisualEffectGraphs":true,"m_FxEnabled":true},"in2DMode":false,"pivot":{"x":0.07467757165431977,"y":0.9487484097480774,"z":-0.7177959680557251},"rotation":{"x":0.1306796818971634,"y":-0.0713176354765892,"z":0.009422088041901589,"w":0.9888075590133667},"size":1.3058139085769654,"orthographic":false}