{"cameraMode":{"drawMode":0,"name":"Shaded","section":"Shading Mode"},"sceneLighting":false,"audioPlay":false,"sceneViewState":{"m_AlwaysRefresh":false,"showFog":true,"showSkybox":false,"showFlares":true,"showImageEffects":true,"showParticleSystems":true,"showVisualEffectGraphs":true,"m_FxEnabled":true},"in2DMode":false,"pivot":{"x":-0.22770611941814423,"y":0.7241721749305725,"z":-0.04435177519917488},"rotation":{"x":0.17075885832309724,"y":-0.05760456994175911,"z":0.009997451677918435,"w":0.9835725426673889},"size":1.3058139085769654,"orthographic":false}