{"cameraMode":{"drawMode":0,"name":"Shaded","section":"Shading Mode"},"sceneLighting":false,"audioPlay":false,"sceneViewState":{"m_AlwaysRefresh":false,"showFog":true,"showSkybox":false,"showFlares":true,"showImageEffects":true,"showParticleSystems":true,"showVisualEffectGraphs":true,"m_FxEnabled":true},"in2DMode":false,"pivot":{"x":0.28114134073257449,"y":1.373759388923645,"z":-1.4531289339065552},"rotation":{"x":0.0009336525108665228,"y":-0.9968835711479187,"z":0.07791541516780853,"w":0.011969982646405697},"size":2.5795717239379885,"orthographic":false}