{"cameraMode":{"drawMode":0,"name":"Shaded","section":"Shading Mode"},"sceneLighting":false,"audioPlay":false,"sceneViewState":{"m_AlwaysRefresh":false,"showFog":true,"showSkybox":false,"showFlares":true,"showImageEffects":true,"showParticleSystems":true,"showVisualEffectGraphs":true,"m_FxEnabled":true},"in2DMode":false,"pivot":{"x":-0.057699739933013919,"y":1.8565665483474732,"z":-0.034820765256881717},"rotation":{"x":-0.004052935168147087,"y":-0.9911957383155823,"z":0.1285780519247055,"w":-0.031224383041262628},"size":1.953729271888733,"orthographic":false}