{"cameraMode":{"drawMode":0,"name":"Shaded","section":"Shading Mode"},"sceneLighting":false,"audioPlay":false,"sceneViewState":{"m_AlwaysRefresh":false,"showFog":true,"showSkybox":false,"showFlares":true,"showImageEffects":true,"showParticleSystems":true,"showVisualEffectGraphs":true,"m_FxEnabled":true},"in2DMode":false,"pivot":{"x":0.6998049020767212,"y":-1.3551673889160157,"z":2.6992082595825197},"rotation":{"x":0.5212497711181641,"y":-0.014079801738262177,"z":0.008601407520473004,"w":0.853243887424469},"size":10.970108985900879,"orthographic":false}