{"cameraMode":{"drawMode":0,"name":"Shaded","section":"Shading Mode"},"sceneLighting":false,"audioPlay":false,"sceneViewState":{"m_AlwaysRefresh":false,"showFog":true,"showSkybox":false,"showFlares":true,"showImageEffects":true,"showParticleSystems":true,"showVisualEffectGraphs":true,"m_FxEnabled":true},"in2DMode":false,"pivot":{"x":-1.8711574077606202,"y":-0.9067214727401733,"z":20.164892196655275},"rotation":{"x":0.10403969138860703,"y":-0.056658510118722919,"z":0.005938658490777016,"w":0.9929418563842773},"size":14.830857276916504,"orthographic":false}