{"cameraMode":{"drawMode":0,"name":"Shaded","section":"Shading Mode"},"sceneLighting":false,"audioPlay":false,"sceneViewState":{"m_AlwaysRefresh":false,"showFog":true,"showSkybox":false,"showFlares":true,"showImageEffects":true,"showParticleSystems":true,"showVisualEffectGraphs":true,"m_FxEnabled":true},"in2DMode":false,"pivot":{"x":-2.8280980587005617,"y":1.4790709018707276,"z":0.43217864632606509},"rotation":{"x":-0.012714264914393425,"y":-0.707853376865387,"z":0.012740415520966053,"w":-0.7061266899108887},"size":0.978313148021698,"orthographic":false}