{"cameraMode":{"drawMode":0,"name":"Shaded","section":"Shading Mode"},"sceneLighting":false,"audioPlay":false,"sceneViewState":{"m_AlwaysRefresh":false,"showFog":true,"showSkybox":false,"showFlares":true,"showImageEffects":true,"showParticleSystems":true,"showVisualEffectGraphs":true,"m_FxEnabled":true},"in2DMode":false,"pivot":{"x":0.13861063122749329,"y":0.9923660159111023,"z":0.021654000505805017},"rotation":{"x":-0.004052935168147087,"y":-0.9911957383155823,"z":0.1285780519247055,"w":-0.031224383041262628},"size":1.8824489116668702,"orthographic":false}